{"noiseKey":{"private":{"type":"Buffer","data":"4M/cBId8AnCrifDG7+7ig+yUPDX9ptmJOpkUzaew6GY="},"public":{"type":"Buffer","data":"XdG3rWfoESzZZbRN+4CDtoD8l94UiiIBhZj2+oLxjWQ="}},"pairingEphemeralKeyPair":{"private":{"type":"Buffer","data":"0BI6QnfpNZLosAEtM9v9lPBS/eohYqcd34bkwAYrJmU="},"public":{"type":"Buffer","data":"eEHAFJ3TF/ymX46K5oq8O1/7D1v7S4M3t+hRjil7WHo="}},"signedIdentityKey":{"private":{"type":"Buffer","data":"QIigAXEozfUAb+zmvs952bqpg9mwlrJliYzZZx/21Xo="},"public":{"type":"Buffer","data":"v6ykQ7HJyLJ5GCdWwsZqURiifuK93PFXBrH4FQlNfhE="}},"signedPreKey":{"keyPair":{"private":{"type":"Buffer","data":"CGLusesw9yvc9BT7mKbErvu6T/LiW6vqTCVCv1s7xFk="},"public":{"type":"Buffer","data":"Tts0FhSDlNVkPKwm4e+kMF/RV7cYLdLR60ejaV33YH0="}},"signature":{"type":"Buffer","data":"Gt9Adpt9TiC2hSxQ/ITSK5OLt8BdTsz0qJRGu9HUo9Gq1HkMH2f+Y/MYIaOT3CJzgKxZqDQGvdl1mIIwgUsOjg=="},"keyId":1},"registrationId":98,"advSecretKey":"IO1ks2HRFinAXt/XT7X3xn5nW0Btlas+MKwT7SbxGAs=","processedHistoryMessages":[],"nextPreKeyId":31,"firstUnuploadedPreKeyId":31,"accountSyncCounter":0,"accountSettings":{"unarchiveChats":false},"deviceId":"1ab6fO3fQLa7usrc-ahoBw","phoneId":"7c6d374d-5904-4c98-9fa7-171eab9e732a","identityId":{"type":"Buffer","data":"sEFPjXlIJQle2NPV65fafOOLGLg="},"registered":true,"backupToken":{"type":"Buffer","data":"LOS0ITgiIPKesRyPFZ55OY5aIRQ="},"registration":{},"pairingCode":"FDHVAL9D","me":{"id":"254740541463:83@s.whatsapp.net","lid":"37272229527707:83@lid"},"account":{"details":"CNKukq8EEKybzLkGGA4gACgA","accountSignatureKey":"Rxoouv87tYMqixgaYWs5sHS3d9/GTn/LR/G2k+8Ke3M=","accountSignature":"5IvZz0tFlwTrY+hnvMs+y6ytYK9TKA1wYqM55X+UNMkKozYe8rkYQmmb01uA9N+V3Rldb0eAJql/cm3fJn5rBQ==","deviceSignature":"u1HnXNLav2bA8tVDjdBxp6cVwXzmagmyVh+z4PqXQR9/4ttkN8FZNLjO36iFYA9Dbr2387oitQmPGhRY9dgfgA=="},"signalIdentities":[{"identifier":{"name":"254740541463:83@s.whatsapp.net","deviceId":0},"identifierKey":{"type":"Buffer","data":"BUcaKLr/O7WDKosYGmFrObB0t3ffxk5/y0fxtpPvCntz"}}],"platform":"android","lastAccountSyncTimestamp":1731399089,"myAppStateKeyId":"AAAAAJxD"}